{"cameraMode":{"drawMode":0,"name":"Shaded","section":"Shading Mode"},"sceneLighting":true,"audioPlay":false,"sceneViewState":{"m_AlwaysRefresh":false,"showFog":true,"showSkybox":true,"showFlares":true,"showImageEffects":true,"showParticleSystems":true,"showVisualEffectGraphs":true,"m_FxEnabled":true},"in2DMode":false,"pivot":{"x":7.577713489532471,"y":-3.0793991088867189,"z":6.678821563720703},"rotation":{"x":-0.22714944183826447,"y":-0.2274436354637146,"z":0.054649416357278827,"w":-0.9453549981117249},"size":16.154043197631837,"orthographic":false}