{"cameraMode":{"drawMode":0,"name":"Shaded","section":"Shading Mode"},"sceneLighting":false,"audioPlay":false,"sceneViewState":{"m_AlwaysRefresh":false,"showFog":true,"showSkybox":true,"showFlares":true,"showImageEffects":true,"showParticleSystems":true,"showVisualEffectGraphs":true,"m_FxEnabled":true},"in2DMode":false,"pivot":{"x":0.9259153604507446,"y":-1.224784016609192,"z":9.350345611572266},"rotation":{"x":-0.08840842545032501,"y":-0.07970277220010758,"z":0.007096081040799618,"w":-0.9928691983222961},"size":13.731795310974121,"orthographic":false}